"Region","Promedio Renovables"
"Middle Africa",30.228478385964912
"Eastern Africa",28.633422157894735
"South and Central America",25.149845000000003
"Central America",22.584904824561402
"Western Africa",11.78266775614035
"Europe",9.056907592982455
"OCDE",8.236837035087719
"European Union",8.000053598245614
"North America",7.9562500210526315
"No OCDE",7.576261119298246
"Africa",7.440714421052632
"Asia Pacific",6.759766371929825
"Middle East",1.22883773